<?xml version="1.0" encoding="UTF-8"?>
<beans xmlns="http://www.springframework.org/schema/beans"
	xmlns:xsi="http://www.w3.org/2001/XMLSchema-instance"
	xmlns:context="http://www.springframework.org/schema/context"
	xsi:schemaLocation="http://www.springframework.org/schema/beans https://www.springframework.org/schema/beans/spring-beans.xsd
		http://www.springframework.org/schema/context http://www.springframework.org/schema/context/spring-context-3.1.xsd">
	
	<!-- Root Context: defines shared resources visible to all other web components -->
	
	<bean id="mailSender" class="org.springframework.mail.javamail.JavaMailSenderImpl">
        <property name="host" value="smtp.gmail.com" />
        <property name="port" value="587" />
        <property name="username" value="dkfkd1198@gmail.com" />
        <property name="password" value="dkfkd119800!*@$" />
        <property name="javaMailProperties">
            <props>
                <prop key="mail.smtp.starttls.enable">true</prop>
            </props>
        </property>
    </bean>
<!--     <bean id="mailSender" class="org.springframework.mail.javamail.JavaMailSenderImpl">  -->
<!-- 		<property name="host" value="smtp.naver.com"/> 메이서버 호스트 -->
<!-- 		<property name="port" value="465"/> 메이서버 포트번호 -->
<!-- 		<property name="username" value="friend9713@naver.com"/> 자신의 이메일 아이디 -->
<!-- 		<property name="password" value="dkfkd119800!*@$"/> 자신의 비밀번호 -->
<!-- 			보안연결 TLS과 관련된 설정 -->
<!-- 		<property name="javaMailProperties"> -->
<!-- 			<props> -->
<!-- 				<prop key="mail.smtp.auth">true</prop> -->
<!-- 				<prop key="mail.smtp.starttls.enable">true</prop> -->
<!-- 				<prop key="mail.smtps.checkserveridentity">true</prop> -->
<!-- 				<prop key="mail.smtps.ssl.trust">*</prop> -->
<!-- 				<prop key="mail.debug">true</prop> -->
<!-- 				<prop key="mail.smtp.socketFactory.class">javax.net.ssl.SSLSocketFactory</prop> -->
<!-- 			</props> -->
<!-- 		</property> -->
<!-- 	</bean> -->
<!-- 	<bean id="mailSender" class="org.springframework.mail.javamail.JavaMailSenderImpl">  -->
<!-- 		<property name="host" value="smtp.daum.com"/> 메이서버 호스트 -->
<!-- 		<property name="port" value="465"/> 메이서버 포트번호 -->
<!-- 		<property name="username" value="friend9713@daum.com"/> 자신의 이메일 아이디 -->
<!-- 		<property name="password" value="dkfkd119800"/> 자신의 비밀번호 -->
<!-- 		보안연결 TLS과 관련된 설정 -->
<!-- 		<property name="javaMailProperties"> -->
<!-- 			<props> -->
<!-- 				<prop key="mail.smtp.auth">true</prop> -->
<!-- 				<prop key="mail.smtp.starttls.enable">true</prop> -->
<!-- 				<prop key="mail.smtps.checkserveridentity">true</prop> -->
<!-- 				<prop key="mail.smtps.ssl.trust">*</prop> -->
<!-- 				<prop key="mail.debug">true</prop> -->
<!-- 				<prop key="mail.smtp.socketFactory.class">javax.net.ssl.SSLSocketFactory</prop> -->
<!-- 			</props> -->
<!-- 		</property> -->
<!-- 	</bean> -->
	
    
</beans>