<?xml version="1.0" encoding="UTF-8"?>
<!DOCTYPE log4j:configuration PUBLIC "-//APACHE//DTD LOG4J 1.2//EN" "log4j.dtd">
<log4j:configuration xmlns:log4j="http://jakarta.apache.org/log4j/">

	<!-- Appenders -->
	<appender name="console" class="org.apache.log4j.ConsoleAppender">
		<param name="Target" value="System.out" />
		<layout class="org.apache.log4j.PatternLayout">
			<param name="ConversionPattern" value="%-5p: %c - %m%n" />
		</layout>
	</appender>
	
	<!-- appender등록 -->
	<appender class="org.apache.log4j.DailyRollingFileAppender" name="fileLogger">
		<param name="file" value="C:/logs/spring.log"/>
		<param name="append" value="true"/>
		<param name="datePattern" value="'.'yyyy-MM-dd"/>
		<layout class="org.apache.log4j.PatternLayout">
			<param name="ConversionPattern" value="[%d{yyyy-MM-dd HH:mm:ss}] %-5p [%l %M] - %m%n" />
		</layout>
	</appender>
	
	<!--  sql문용 appender -->
	<appender name="sqlLogger" class="org.apache.log4j.ConsoleAppender">
		<layout class="org.apache.log4j.PatternLayout">
			<param name="ConversionPattern" value="%-5p: %m%n"/>
		</layout>
	</appender>
	
	<!-- logger 등록 -->
	<logger name="jdbc.sqlonly" additivity="false">
		<level value="INFO"/>
		<appender-ref ref="sqlLogger"/>
	</logger>
	<logger name="jdbc.resultsettable" additivity="false">
		<level value="INFO"/>
		<appender-ref ref="sqlLogger"/>
	</logger>
	
	<!-- Application Loggers -->
	<logger name="com.project.jobnom">
		<level value="info" />
	</logger>
	
	<!-- 3rdparty Loggers -->
	<logger name="org.springframework.core">
		<level value="info" />
	</logger>
	
	<logger name="org.springframework.beans">
		<level value="info" />
	</logger>
	
	<logger name="org.springframework.context">
		<level value="info" />
	</logger>

	<logger name="org.springframework.web">
		<level value="info" />
	</logger>

	<!-- Root Logger -->
	<root>
		<priority value="warn" />
		<appender-ref ref="console" />
		<appender-ref ref="fileLogger"/>
	</root>
	
</log4j:configuration>
