<?xml version="1.0" encoding="UTF-8"?>
<!DOCTYPE mapper PUBLIC "-//mybatis.org//DTD Mapper 3.0//EN" "http://mybatis.org/dtd/mybatis-3-mapper.dtd" >
<mapper namespace="anno">
<select id="anoList" resultType="com.project.jobnom.Hire.model.vo.Recruitment">
      SELECT DISTINCT E.REC_NO,E.ENT_NO, REC_TITLE, REC_CONTENTS,REC_OTHER, REC_STARTDATE, REC_ENDDATE, REC_INFO,REC_PREFER, REC_WELFARE, REC_QUALIFICATION, REC_PEPOLE, REC_CAREER, REC_ORDER,
                 REC_TYPE, REC_CATEGORY,ENT_NAME,T.MEM_NO,OPEN_CHECK, REP_NAME, REP_PHONE,ENT_LOGO, REPLACE(REC_SALARY,' ')  AS REC_SALARY
			FROM RECRUITMENT E
          LEFT JOIN REVIEW S ON (S.ENT_NO = E.ENT_NO)
             LEFT JOIN INTERESTEDRECRUITMENT T ON(T.REC_NO = E.REC_NO)
         LEFT JOIN ENTERPRISE R ON (R.ENT_NO = E.ENT_NO)
             LEFT JOIN SUPPORT U ON (U.REC_NO = E.REC_NO)
              LEFT JOIN MEMBER M ON (M.MEM_NO = U.MEM_NO)
              ORDER BY REC_STARTDATE ASC
   </select>
   
   <select id="anoList2" resultType="com.project.jobnom.Hire.model.vo.Recruitment" parameterType="_int">
          SELECT DISTINCT E.REC_NO,E.ENT_NO, REC_TITLE, E.REC_OTHER, REC_CONTENTS, REC_STARTDATE, REC_ENDDATE, REC_INFO,REC_PREFER, REC_WELFARE, REC_QUALIFICATION, REC_PEPOLE, REC_CAREER, REC_ORDER,
                 REC_TYPE, REC_CATEGORY,ENT_NAME,OPEN_CHECK, REP_NAME, REP_PHONE,ENT_LOGO, REPLACE(REC_SALARY,' ')  AS REC_SALARY
			FROM RECRUITMENT E 
          LEFT JOIN REVIEW S ON (S.ENT_NO = E.ENT_NO)
             LEFT JOIN INTERESTEDRECRUITMENT T ON(T.REC_NO = E.REC_NO)
         LEFT JOIN ENTERPRISE R ON (R.ENT_NO = E.ENT_NO)
             LEFT JOIN SUPPORT U ON (U.REC_NO = E.REC_NO)
              LEFT JOIN MEMBER M ON (M.MEM_NO = U.MEM_NO)
           WHERE REC_CATEGORY=#{anoNum}
            ORDER BY E.REC_NO DESC

   </select>
   
   <select id="selectIn" parameterType="map" resultType="com.project.jobnom.Hire.model.vo.Interestedrcruitment">
      SELECT DISTINCT REC_NO, MEM_NO, OPEN_CHECK FROM INTERESTEDRECRUITMENT

              WHERE MEM_NO=#{memNo} AND REC_NO=#{rec_no}

   	
   </select>
   
   
   <select id="annCarrer" resultType="com.project.jobnom.Hire.model.vo.Recruitment" parameterType="map">
      SELECT E.*,ENT_NAME ,REC_CATEGORY,
          REP_NAME, REP_PHONE,ENT_LOGO
         FROM RECRUITMENT E  
            JOIN REVIEW S ON (S.ENT_NO = E.ENT_NO)
         JOIN ENTERPRISE R ON (R.ENT_NO = E.ENT_NO)
          
            <if test="carNum != null">
           WHERE REC_CAREER <![CDATA[<=]]> #{carNum}
            </if> 
            <if test="anoNum != null">
              AND REC_CATEGORY=#{anoNum}
            </if>
             <if test="employType != null">
               AND  REC_TYPE LIKE '%'||#{employType}||'%'
            </if>
           
   </select> 
    
   <select id="selectCount" resultType="_int">
    SELECT COUNT(*) FROM  RECRUITMENT 
   </select>  
   
   <select id="annoHomeDetailMove" parameterType="_int" resultType="com.project.jobnom.Hire.model.vo.Recruitment">
      SELECT DISTINCT E.REC_NO,E.ENT_NO, REC_TITLE,REC_OTHER, REC_CONTENTS, REC_STARTDATE, REC_ENDDATE, REC_INFO,REC_PREFER, REC_WELFARE, REC_QUALIFICATION, REC_PEPOLE, REC_CAREER, REC_ORDER,
                 REC_TYPE, REC_CATEGORY,ENT_NAME,T.MEM_NO,OPEN_CHECK, REP_NAME, REP_PHONE,ENT_LOGO, REPLACE(REC_SALARY,' ')  AS REC_SALARY
			FROM RECRUITMENT E 
          LEFT JOIN REVIEW S ON (S.ENT_NO = E.ENT_NO)
             LEFT JOIN INTERESTEDRECRUITMENT T ON(T.REC_NO = E.REC_NO)
         LEFT JOIN ENTERPRISE R ON (R.ENT_NO = E.ENT_NO)
             LEFT JOIN SUPPORT U ON (U.REC_NO = E.REC_NO)
              LEFT JOIN MEMBER M ON (M.MEM_NO = U.MEM_NO)
           WHERE REC_NO=#{recNo}
            ORDER BY REC_STARTDATE DESC
   </select>
         
</mapper>     
 