<?xml version="1.0" encoding="UTF-8"?>
<!DOCTYPE mapper PUBLIC "-//mybatis.org//DTD Mapper 3.0//EN" "http://mybatis.org/dtd/mybatis-3-mapper.dtd" >
<mapper namespace="faq">
	<resultMap type="faq" id="faqMap">
		<result column="faq_no" property="faqNo"/>
		<result column="faq_question" property="faqQuestion"/>
		<result column="faq_answer" property="faqAnswer"/>
		<result column="faq_writedate" property="faqWritedate"/>
	</resultMap>
	<select id="selectListFaq" resultMap="faqMap">
		select * from faq
	</select>

</mapper>
