<?xml version="1.0" encoding="UTF-8"?>
<beans xmlns="http://www.springframework.org/schema/beans"
	xmlns:xsi="http://www.w3.org/2001/XMLSchema-instance"
	xsi:schemaLocation="http://www.springframework.org/schema/beans https://www.springframework.org/schema/beans/spring-beans.xsd">
	
	<!-- Sql문 로그찍을때 필요함 -->
	<!-- <bean id="dataSource" class="net.sf.log4jdbc.Log4jdbcProxyDataSource">
		<constructor-arg ref="realDataSource"/>
		<property name="logFormatter">
			<bean class="net.sf.log4jdbc.tools.Log4JdbcCustomFormatter">
				<property name="loggingType" value="MULTI_LINE"/>
				<property name="sqlPrefix" value="[SQL] "/>
			</bean>
		</property>
	</bean> -->
	
	<bean id="sqlSessionFactoryBean" class="org.mybatis.spring.SqlSessionFactoryBean">
		<property name="dataSource" ref="dataSource"></property>
		<property name="mapperLocations" value="classpath*:mapper/**/*.xml"/>
		<property name="configLocation" value="classpath:mybatis-config.xml"/>
	</bean>
	
	<bean id="sqlSessionTemplate" class="org.mybatis.spring.SqlSessionTemplate">
		<constructor-arg index="0" ref="sqlSessionFactoryBean"/>
	</bean>
	
	 <bean id="dataSource" class="org.apache.commons.dbcp.BasicDataSource" destroy-method="close">
		<property name="driverClassName" value="oracle.jdbc.driver.OracleDriver"/>
		<property name="url" value="jdbc:oracle:thin:@rclass.iptime.org:1521:xe"/>
		<property name="username" value="jobnom"/>
		<property name="password" value="job5"/>
	</bean>
	
	<!-- 메일 -->
<bean id="mailSender" class="org.springframework.mail.javamail.JavaMailSenderImpl">
	<property name="host" value="smtp.naver.com" />
	<property name="port" value="465" />
	<property name="username" value="dlscjfry2010" />
	<property name="password" value="Dsds2010##" />
	<property name="defaultEncoding" value="utf-8" />
	<property name="javaMailProperties">
		<props>
			<prop key="mail.debug">true</prop>
			<prop key="mail.smtp.starttls.enable">true</prop>
			<prop key="mail.smtps.ssl.checkserveridentity">true</prop>
			<prop key="mail.smtp.auth">true</prop>
			<prop key="mail.smtps.ssl.trust">*</prop>
			<prop key="mail.smtp.socketFactory.class">javax.net.ssl.SSLSocketFactory</prop>
		</props>
	</property>
</bean>

  
</beans>